{"hps": [{"hp": {"model": {"name": "resnet-18"}, "optimizer": {"name": "sgd", "lr": 0.01}, "max_epochs": 10, "batch_size": 1024}, "train_avg_losses": [[0.0038557418823242187, 0.00192985595703125, 0.0016783067321777343, 0.0015378863525390624, 0.0014453228759765625, 0.00136631591796875, 0.0013003021240234375, 0.0012301309204101561, 0.0011657670593261719, 0.0011100499725341796], [0.003957651062011719, 0.0019476385498046875, 0.0016966543579101563, 0.0015537713623046876, 0.001445779266357422, 0.0013591792297363281, 0.0012998562622070313, 0.0012180901336669922, 0.001158322525024414, 0.0010975670623779297]], "train_accs": [[0.20016, 0.35008, 0.41308, 0.45664, 0.48928, 0.51744, 0.5458, 0.57088, 0.60048, 0.61976], [0.1902, 0.3424, 0.40972, 0.45668, 0.4948, 0.52436, 0.54736, 0.57836, 0.604, 0.6282]], "val_loss": [1.5060733448791503, 1.5885033451080321], "val_acc": [0.46228, 0.44588]}], "best_hp": {"best_hp_idx": 0, "hp": {"model": {"name": "resnet-18"}, "optimizer": {"name": "sgd", "lr": 0.01}, "max_epochs": 10, "batch_size": 1024}, "train_avg_losses": [0.002896070861816406, 0.0016607035827636719, 0.0014780451965332032, 0.0013652790832519531, 0.0012810955810546875, 0.0012072866058349609, 0.0011460951232910156, 0.0010896192169189453, 0.0010299098205566407, 0.0009758281707763672], "train_accs": [0.26222, 0.40354, 0.46224, 0.50416, 0.5359, 0.56456, 0.58942, 0.61114, 0.63522, 0.65788], "test_loss": 1.3507932662963866, "test_acc": 0.5209}}