{"hps": [{"hp": {"model": {"name": "resnet-18"}, "optimizer": {"name": "sgd", "lr": 0.01, "weight_decay": 0.001}, "max_epochs": 10, "batch_size": 1024}, "train_avg_losses": [[0.003440406188964844, 0.001763985137939453, 0.0016236888122558594, 0.001503361358642578, 0.0014261627197265626, 0.0014240200805664062, 0.0013299076843261719, 0.0013194721984863282, 0.0012768189239501953, 0.0012659193420410156], [0.00348129638671875, 0.0017806292724609374, 0.0015659658813476562, 0.0015052725219726563, 0.0014318586730957031, 0.001372009735107422, 0.0013301243591308594, 0.001268697967529297, 0.0012723045349121093, 0.0012224554443359375]], "train_accs": [[0.268, 0.40024, 0.42284, 0.4608, 0.488, 0.48516, 0.51828, 0.52832, 0.54064, 0.543], [0.27164, 0.39532, 0.44732, 0.46244, 0.48752, 0.51048, 0.52072, 0.54612, 0.54388, 0.5638]], "val_loss": [0.001263778839111328, 0.001232741165161133], "val_acc": [0.54856, 0.55828]}], "best_hp": {"best_hp_idx": 0, "hp": {"model": {"name": "resnet-18"}, "optimizer": {"name": "sgd", "lr": 0.01, "weight_decay": 0.001}, "max_epochs": 10, "batch_size": 1024}, "train_avg_losses": [0.0030190240478515625, 0.0017775625610351562, 0.0016531578063964845, 0.0015665449523925782, 0.0015283335876464844, 0.0014841944885253906, 0.0014350970458984376, 0.0014074142456054687, 0.00137751708984375, 0.0013381427001953126], "train_accs": [0.23176, 0.34554, 0.38566, 0.41604, 0.42796, 0.44882, 0.46612, 0.47698, 0.48628, 0.50576], "test_loss": 0.0012978732109069824, "test_acc": 0.5332}}